<!-- Adapted from http://xpetstore.sourceforge.net/ -->
<server>

  <mbean code="org.jboss.mq.server.jmx.Topic"
   name="jboss.mq.destination:service=Topic,name=opc/InvoiceTopic">
    <attribute name="JNDIName">topic/opc/InvoiceTopic</attribute>
    <depends optional-attribute-name="DestinationManager">jboss.mq:service=DestinationManager</depends>
  </mbean>

  <mbean code="org.jboss.mq.server.jmx.Queue"
   name="jboss.mq.destination:service=Queue,name=opc/MailCompletedOrderQueue">
    <attribute name="JNDIName">queue/opc/MailCompletedOrderQueue</attribute>
    <depends optional-attribute-name="DestinationManager">jboss.mq:service=DestinationManager</depends>
  </mbean>

  <mbean code="org.jboss.mq.server.jmx.Queue"
   name="jboss.mq.destination:service=Queue,name=opc/MailOrderApprovalQueue">
    <attribute name="JNDIName">queue/opc/MailOrderApprovalQueue</attribute>
    <depends optional-attribute-name="DestinationManager">jboss.mq:service=DestinationManager</depends>
  </mbean>

  <mbean code="org.jboss.mq.server.jmx.Queue"
   name="jboss.mq.destination:service=Queue,name=opc/MailQueue">
    <attribute name="JNDIName">queue/opc/MailQueue</attribute>
    <depends optional-attribute-name="DestinationManager">jboss.mq:service=DestinationManager</depends>
  </mbean>
  <mbean code="org.jboss.mq.server.jmx.Queue"
   name="jboss.mq.destination:service=Queue,name=opc/OrderApprovalQueue">
    <attribute name="JNDIName">queue/opc/OrderApprovalQueue</attribute>
    <depends optional-attribute-name="DestinationManager">jboss.mq:service=DestinationManager</depends>
  </mbean>

  <mbean code="org.jboss.mq.server.jmx.Queue"
   name="jboss.mq.destination:service=Queue,name=opc/OrderQueue">
    <attribute name="JNDIName">queue/opc/OrderQueue</attribute>
    <depends optional-attribute-name="DestinationManager">jboss.mq:service=DestinationManager</depends>
  </mbean>

  <mbean code="org.jboss.mq.server.jmx.Queue"
   name="jboss.mq.destination:service=Queue,name=supplier/PurchaseOrderQueue">
    <attribute name="JNDIName">queue/supplier/PurchaseOrderQueue</attribute>
    <depends optional-attribute-name="DestinationManager">jboss.mq:service=DestinationManager</depends>
  </mbean>
</server>
