<?xml version="1.0" encoding="UTF-8"?>
<!DOCTYPE ejb-jar PUBLIC '-//Sun Microsystems, Inc.//DTD Enterprise JavaBeans 1.1//EN' 'http://java.sun.com/j2ee/dtds/ejb-jar_1_1.dtd'>
<ejb-jar>
  <description>deployment descriptor for Hello</description>
  <display-name>Hello</display-name>
  <enterprise-beans>
        <session>
            <description>deployment descriptor for HelloBean</description>
            <display-name>HelloBean</display-name>
            <ejb-name>HelloBean</ejb-name>
            <home>my.ejb.HelloHome</home>
            <remote>my.ejb.Hello</remote>
            <ejb-class>my.ejb.HelloBean</ejb-class>
            <session-type>Stateless</session-type>
            <transaction-type>Container</transaction-type>
        </session>
    </enterprise-beans>
</ejb-jar>