<?xml version="1.0" encoding="UTF-8"?>
<apple-properties>
	<apple>
		<log><verbose>true</verbose></log>
		<java>
			<jvmopts></jvmopts>
		</java>
		<jdb>
			<jdbopts></jdbopts>
		</jdb>
		<javac>
			<arg>
				<source>1.5</source>
				<target>1.5</target>
			</arg>
		</javac>
   	</apple>
   	<wo>
   		<project_type>woa</project_type>
   		<create_selfcontained_bundle>true</create_selfcontained_bundle>
   		<create_legacy_bundle>true</create_legacy_bundle>
   		<create_war_bundle>true</create_war_bundle>
   		<WOApplicationClassName>com.webobjects.eogenerator.EOGeneratorApplication</WOApplicationClassName>
   		<run>
			<launchscript>legacy</launchscript>
		</run>
   		<path>
		 	<woroot>/</woroot>
		    <systemroot>/System</systemroot>
		    <localroot>/Library</localroot>
			<installroot>/Library/WebObjects/Applications</installroot>
   			<j2ee><servlet_deploy_dir>/Library/JBoss/4.0/deploy</servlet_deploy_dir></j2ee>
   		    <other_java_class_path>/Users/Shared/Java:/System/Library/WebObjects/Java</other_java_class_path>
   			<webobjects_documentroot>/Library/WebServer/Documents/WebObjects</webobjects_documentroot>
		</path>
    </wo>
</apple-properties>
