<?xml version="1.0" encoding="US-ASCII"?>

<!--
 Copyright 2002 Sun Microsystems, Inc. All rights reserved.
 
 Redistribution and use in source and binary forms, with or without
 modification, are permitted provided that the following conditions
 are met:
 
 - Redistributions of source code must retain the above copyright
   notice, this list of conditions and the following disclaimer.
 
 - Redistribution in binary form must reproduce the above copyright
   notice, this list of conditions and the following disclaimer in
   the documentation and/or other materials provided with the
   distribution.
 
 Neither the name of Sun Microsystems, Inc. or the names of
 contributors may be used to endorse or promote products derived
 from this software without specific prior written permission.
 
 This software is provided "AS IS," without a warranty of any
 kind. ALL EXPRESS OR IMPLIED CONDITIONS, REPRESENTATIONS AND
 WARRANTIES, INCLUDING ANY IMPLIED WARRANTY OF MERCHANTABILITY,
 FITNESS FOR A PARTICULAR PURPOSE OR NON-INFRINGEMENT, ARE HEREBY
 EXCLUDED. SUN AND ITS LICENSORS SHALL NOT BE LIABLE FOR ANY DAMAGES
 SUFFERED BY LICENSEE AS A RESULT OF USING, MODIFYING OR
 DISTRIBUTING THE SOFTWARE OR ITS DERIVATIVES. IN NO EVENT WILL SUN
 OR ITS LICENSORS BE LIABLE FOR ANY LOST REVENUE, PROFIT OR DATA, OR
 FOR DIRECT, INDIRECT, SPECIAL, CONSEQUENTIAL, INCIDENTAL OR
 PUNITIVE DAMAGES, HOWEVER CAUSED AND REGARDLESS OF THE THEORY OF
 LIABILITY, ARISING OUT OF THE USE OF OR INABILITY TO USE SOFTWARE,
 EVEN IF SUN HAS BEEN ADVISED OF THE POSSIBILITY OF SUCH DAMAGES.
 
 You acknowledge that Software is not designed, licensed or intended
 for use in the design, construction, operation or maintenance of
 any nuclear facility.
-->


<!DOCTYPE ejb-jar PUBLIC "-//Sun Microsystems, Inc.//DTD Enterprise JavaBeans 2.0//EN" "http://java.sun.com/dtd/ejb-jar_2_0.dtd">

<ejb-jar>
  <description>SupplierPO</description>
  <display-name>SupplierPurchaseOrderJAR</display-name>

  <enterprise-beans>
    <entity>
      <description>SupplierOrder CMP EJB</description>
      <display-name>SupplierOrderEB</display-name>
      <ejb-name>SupplierOrderEJB</ejb-name>
      <local-home>com.sun.j2ee.blueprints.supplierpo.ejb.SupplierOrderLocalHome</local-home>
      <local>com.sun.j2ee.blueprints.supplierpo.ejb.SupplierOrderLocal</local>
      <ejb-class>com.sun.j2ee.blueprints.supplierpo.ejb.SupplierOrderEJB</ejb-class>
      <persistence-type>Container</persistence-type>
      <prim-key-class>java.lang.String</prim-key-class>
      <reentrant>False</reentrant>
      <cmp-version>2.x</cmp-version>  
      <abstract-schema-name>SupplierOrder</abstract-schema-name>
      <cmp-field>
        <field-name>poId</field-name>
      </cmp-field>
      <cmp-field>
        <field-name>poDate</field-name>
      </cmp-field>
      <cmp-field>
        <field-name>poStatus</field-name>
      </cmp-field>
      <primkey-field>poId</primkey-field>
      <ejb-local-ref>
        <ejb-ref-name>ejb/ContactInfo</ejb-ref-name>
        <ejb-ref-type>Entity</ejb-ref-type>
        <local-home>com.sun.j2ee.blueprints.contactinfo.ejb.ContactInfoLocalHome</local-home>
	<local>com.sun.j2ee.blueprints.contactinfo.ejb.ContactInfoLocal</local>
        <ejb-link>ContactInfoEJB</ejb-link>
      </ejb-local-ref>
      <ejb-local-ref>
        <ejb-ref-name>ejb/Address</ejb-ref-name>
        <ejb-ref-type>Entity</ejb-ref-type>
        <local-home>com.sun.j2ee.blueprints.address.ejb.AddressLocalHome</local-home>
        <local>com.sun.j2ee.blueprints.address.ejb.AddressLocal</local>
        <ejb-link>AddressEJB</ejb-link>
      </ejb-local-ref>
      <ejb-local-ref>
        <ejb-ref-name>ejb/LineItem</ejb-ref-name>
        <ejb-ref-type>Entity</ejb-ref-type>
        <local-home>com.sun.j2ee.blueprints.lineitem.ejb.LineItemLocalHome</local-home>
        <local>com.sun.j2ee.blueprints.lineitem.ejb.LineItemLocal</local>
        <ejb-link>LineItemEJB</ejb-link>
      </ejb-local-ref>
      <security-identity>
        <description></description>
        <use-caller-identity></use-caller-identity>
      </security-identity> 
      <query>
        <description></description>
        <query-method>
          <method-name>findOrdersByStatus</method-name>
          <method-params>
            <method-param>java.lang.String</method-param>
          </method-params>
        </query-method>
        <ejb-ql>SELECT DISTINCT OBJECT(a) FROM SupplierOrder a WHERE a.poStatus = ?1</ejb-ql>
      </query>
    </entity>

    <entity>
      <display-name>ContactInfoEB</display-name>
      <ejb-name>ContactInfoEJB</ejb-name>
      <local-home>com.sun.j2ee.blueprints.contactinfo.ejb.ContactInfoLocalHome</local-home>
      <local>com.sun.j2ee.blueprints.contactinfo.ejb.ContactInfoLocal</local>
      <ejb-class>com.sun.j2ee.blueprints.contactinfo.ejb.ContactInfoEJB</ejb-class>
      <persistence-type>Container</persistence-type>
      <prim-key-class>java.lang.Object</prim-key-class>
      <reentrant>False</reentrant>
      <cmp-version>2.x</cmp-version>
      <abstract-schema-name>ContactInfo</abstract-schema-name>
      <cmp-field>
        <description>no description</description>
        <field-name>telephone</field-name>
      </cmp-field>
      <cmp-field>
        <description>no description</description>
        <field-name>familyName</field-name>
      </cmp-field>
      <cmp-field>
        <description>no description</description>
        <field-name>email</field-name>
      </cmp-field>
      <cmp-field>
        <description>no description</description>
        <field-name>givenName</field-name>
      </cmp-field>
      <ejb-local-ref>
        <ejb-ref-name>ejb/Address</ejb-ref-name>
        <ejb-ref-type>Entity</ejb-ref-type>
        <local-home>com.sun.j2ee.blueprints.address.ejb.AddressLocalHome</local-home>
        <local>com.sun.j2ee.blueprints.address.ejb.AddressLocal</local>
        <ejb-link>AddressEJB</ejb-link>
      </ejb-local-ref>
      <security-identity>
        <description></description>
        <use-caller-identity></use-caller-identity>
      </security-identity>
    </entity>
    <entity>
      <display-name>AddressEB</display-name>
      <ejb-name>AddressEJB</ejb-name>
      <local-home>com.sun.j2ee.blueprints.address.ejb.AddressLocalHome</local-home>
      <local>com.sun.j2ee.blueprints.address.ejb.AddressLocal</local>
      <ejb-class>com.sun.j2ee.blueprints.address.ejb.AddressEJB</ejb-class>
      <persistence-type>Container</persistence-type>
      <prim-key-class>java.lang.Object</prim-key-class>
      <reentrant>False</reentrant>
      <cmp-version>2.x</cmp-version>
      <abstract-schema-name>Address</abstract-schema-name>
      <cmp-field>
        <description>no description</description>
        <field-name>zipCode</field-name>
      </cmp-field>
      <cmp-field>
        <description>no description</description>
        <field-name>streetName2</field-name>
      </cmp-field>
      <cmp-field>
        <description>no description</description>
        <field-name>state</field-name>
      </cmp-field>
      <cmp-field>
        <description>no description</description>
        <field-name>streetName1</field-name>
      </cmp-field>
      <cmp-field>
        <description>no description</description>
        <field-name>city</field-name>
      </cmp-field>
      <cmp-field>
        <description>no description</description>
        <field-name>country</field-name>
      </cmp-field>
      <security-identity>
        <description></description>
        <use-caller-identity></use-caller-identity>
      </security-identity>
    </entity>

    <entity>
      <description>LineItem CMP EJB</description>
      <display-name>LineItemEB</display-name>
      <ejb-name>LineItemEJB</ejb-name>
      <local-home>com.sun.j2ee.blueprints.lineitem.ejb.LineItemLocalHome</local-home>
      <local>com.sun.j2ee.blueprints.lineitem.ejb.LineItemLocal</local>
      <ejb-class>com.sun.j2ee.blueprints.lineitem.ejb.LineItemEJB</ejb-class>
      <persistence-type>Container</persistence-type>
      <prim-key-class>java.lang.Object</prim-key-class>
      <reentrant>False</reentrant>
      <cmp-version>2.x</cmp-version>  
      <abstract-schema-name>LineItem</abstract-schema-name>
      <cmp-field>
        <field-name>categoryId</field-name>
      </cmp-field>
      <cmp-field>
        <field-name>productId</field-name>
      </cmp-field>
      <cmp-field>
        <field-name>itemId</field-name>
      </cmp-field>
      <cmp-field>
        <field-name>lineNumber</field-name>
      </cmp-field>
      <cmp-field>
        <field-name>quantity</field-name>
      </cmp-field>
      <cmp-field>
        <field-name>unitPrice</field-name>
      </cmp-field>
      <cmp-field>
        <field-name>quantityShipped</field-name>
      </cmp-field>
      <security-identity>
        <description></description>
        <use-caller-identity></use-caller-identity>
      </security-identity>
    </entity>

  </enterprise-beans>  

  <relationships>

      <!--
       ONE-TO-ONE Relationship between SupplierOrder and ContactInfo.
       Every PO has one customer address related to it. This is uni-directional
      -->	
      <ejb-relation>
      <ejb-relation-name>SupplierOrder-ContactInfo</ejb-relation-name>
      <ejb-relationship-role>
        <ejb-relationship-role-name>purchaseorder-has-address</ejb-relationship-role-name>
	<multiplicity>One</multiplicity>
        <relationship-role-source>
          <ejb-name>SupplierOrderEJB</ejb-name>
        </relationship-role-source> 	
        <cmr-field>
	  <cmr-field-name>contactInfo</cmr-field-name>
        </cmr-field>	
      </ejb-relationship-role>
      <ejb-relationship-role>
        <ejb-relationship-role-name>address-for-purchaseorder</ejb-relationship-role-name>
        <multiplicity>One</multiplicity>
        <cascade-delete />
        <relationship-role-source>
          <ejb-name>ContactInfoEJB</ejb-name>
        </relationship-role-source> 
        <!--
     	  Since the realtionship is unidirectional
          No CMR field here.
        -->	
      </ejb-relationship-role>
    </ejb-relation>

    <!--
       ONE-TO-ONE Relationship between ContInfo and Address.
    -->
    <ejb-relation>
      <ejb-relation-name></ejb-relation-name>
      <ejb-relationship-role>
        <ejb-relationship-role-name>ContactInfoEJB</ejb-relationship-role-name>
        <multiplicity>One</multiplicity>
        <relationship-role-source>
          <ejb-name>ContactInfoEJB</ejb-name>
        </relationship-role-source>
        <cmr-field>
          <cmr-field-name>address</cmr-field-name>
        </cmr-field>
      </ejb-relationship-role>
      <ejb-relationship-role>
        <ejb-relationship-role-name>AddressEJB</ejb-relationship-role-name>
        <multiplicity>One</multiplicity>
        <cascade-delete />
        <relationship-role-source>
          <ejb-name>AddressEJB</ejb-name>
        </relationship-role-source>
      </ejb-relationship-role>
    </ejb-relation>

    <!--
       ONE-TO-MANY Relationship between SupplierOrder and line items.
       Every PO has 1 or more line items relate to it
    -->
    <ejb-relation>
      <ejb-relation-name>SupplierOrder-LineItem</ejb-relation-name>
      <ejb-relationship-role>
        <ejb-relationship-role-name>purchaseorder-has-lineitems</ejb-relationship-role-name>
	<multiplicity>One</multiplicity>
        <relationship-role-source>
          <ejb-name>SupplierOrderEJB</ejb-name>
        </relationship-role-source> 	
        <cmr-field>
	  <cmr-field-name>lineItems</cmr-field-name>
	  <cmr-field-type>java.util.Collection</cmr-field-type>
        </cmr-field>	
      </ejb-relationship-role>
      <ejb-relationship-role>
        <ejb-relationship-role-name>lineItem-for-purchaseorder</ejb-relationship-role-name>
        <multiplicity>Many</multiplicity>
        <cascade-delete />
        <relationship-role-source>
          <ejb-name>LineItemEJB</ejb-name>
        </relationship-role-source> 
        <!--
     	  Since the realtionship is unidirectional
          No CMR field here.
        -->	
      </ejb-relationship-role>
    </ejb-relation>

  </relationships>

  <assembly-descriptor>
    <method-permission>
      <unchecked />
      <method>
        <ejb-name>SupplierOrderEJB</ejb-name>
        <method-name>*</method-name>
      </method>
    </method-permission>
    <method-permission>
      <unchecked />
      <method>
        <ejb-name>ContactInfoEJB</ejb-name>
        <method-name>*</method-name>
      </method>
    </method-permission>
    <method-permission>
      <unchecked />
      <method>
        <ejb-name>AddressEJB</ejb-name>
        <method-name>*</method-name>
      </method>
    </method-permission>
    <method-permission>
      <unchecked />
      <method>
        <ejb-name>LineItemEJB</ejb-name>
        <method-name>*</method-name>
      </method>
    </method-permission>

    <!-- PO EJB methods -->
    <container-transaction>
     <method>
       <ejb-name>SupplierOrderEJB</ejb-name>
       <method-intf>Local</method-intf>
       <method-name>getPoId</method-name>
       <method-params />
     </method>
     <trans-attribute>Required</trans-attribute>
    </container-transaction>
    <container-transaction>
     <method>
       <ejb-name>SupplierOrderEJB</ejb-name>
       <method-intf>Local</method-intf>
       <method-name>getPoDate</method-name>
       <method-params />
     </method>
     <trans-attribute>Required</trans-attribute>
    </container-transaction>
    <container-transaction>
     <method>
       <ejb-name>SupplierOrderEJB</ejb-name>
       <method-intf>Local</method-intf>
       <method-name>getPoStatus</method-name>
       <method-params />
     </method>
     <trans-attribute>Required</trans-attribute>
    </container-transaction>
    <container-transaction>
     <method>
       <ejb-name>SupplierOrderEJB</ejb-name>
       <method-intf>Local</method-intf>
       <method-name>setPoStatus</method-name>
       <method-params>
         <method-param>java.lang.String</method-param>
       </method-params>
     </method>
     <trans-attribute>Required</trans-attribute>
    </container-transaction>
    <container-transaction>
     <method>
       <ejb-name>SupplierOrderEJB</ejb-name>
       <method-intf>Local</method-intf>
       <method-name>getContactInfo</method-name>
       <method-params />
     </method>
     <trans-attribute>Required</trans-attribute>
    </container-transaction>
    <container-transaction>
     <method>
       <ejb-name>SupplierOrderEJB</ejb-name>
       <method-intf>Local</method-intf>
       <method-name>setContactInfo</method-name>
       <method-params>
         <method-param>com.sun.j2ee.blueprints.contactinfo.ejb.ContactInfoLocal</method-param>
       </method-params>
     </method>
     <trans-attribute>Required</trans-attribute>
    </container-transaction>
    <container-transaction>
     <method>
       <ejb-name>SupplierOrderEJB</ejb-name>
       <method-intf>Local</method-intf>
       <method-name>getLineItems</method-name>
       <method-params />
     </method>
     <trans-attribute>Required</trans-attribute>
    </container-transaction>
    <container-transaction>
     <method>
       <ejb-name>SupplierOrderEJB</ejb-name>
       <method-intf>Local</method-intf>
       <method-name>addLineItem</method-name>
       <method-params>
         <method-param>com.sun.j2ee.blueprints.lineitem.ejb.LineItemLocal</method-param>
       </method-params>
     </method>
     <trans-attribute>Required</trans-attribute>
    </container-transaction>
    <container-transaction>
     <method>
       <ejb-name>SupplierOrderEJB</ejb-name>
       <method-intf>Local</method-intf>
       <method-name>getAllItems</method-name>
       <method-params />
     </method>
     <trans-attribute>Required</trans-attribute>
    </container-transaction>
    <container-transaction>
     <method>
       <ejb-name>SupplierOrderEJB</ejb-name>
       <method-intf>Local</method-intf>
       <method-name>getData</method-name>
       <method-params />
     </method>
     <trans-attribute>Required</trans-attribute>
    </container-transaction>
    <container-transaction>
      <method>
        <ejb-name>SupplierOrderEJB</ejb-name>
        <method-intf>LocalHome</method-intf>
        <method-name>create</method-name>
        <method-params>
          <method-param>com.sun.j2ee.blueprints.supplierpo.ejb.SupplierOrder</method-param>
        </method-params>
      </method>
      <trans-attribute>Required</trans-attribute>
    </container-transaction>
    <container-transaction>
      <method>
        <ejb-name>SupplierOrderEJB</ejb-name>
        <method-intf>LocalHome</method-intf>
        <method-name>findByPrimaryKey</method-name>
        <method-params>
          <method-param>java.lang.String</method-param>
        </method-params>
      </method>
      <trans-attribute>Required</trans-attribute>
    </container-transaction>
    <container-transaction>
      <method>
        <ejb-name>SupplierOrderEJB</ejb-name>
        <method-intf>LocalHome</method-intf>
        <method-name>findOrdersByStatus</method-name>
        <method-params>
          <method-param>java.lang.String</method-param>
        </method-params>
      </method>
      <trans-attribute>Required</trans-attribute>
    </container-transaction>

    <container-transaction>
      <method>
        <ejb-name>ContactInfoEJB</ejb-name>
        <method-intf>LocalHome</method-intf>
        <method-name>remove</method-name>
        <method-params>
          <method-param>java.lang.Object</method-param>
        </method-params>
      </method>
      <trans-attribute>Required</trans-attribute>
    </container-transaction>
    <container-transaction>
      <method>
        <ejb-name>ContactInfoEJB</ejb-name>
        <method-intf>Local</method-intf>
        <method-name>getTelephone</method-name>
        <method-params />
      </method>
      <trans-attribute>Required</trans-attribute>
    </container-transaction>
    <container-transaction>
      <method>
        <ejb-name>ContactInfoEJB</ejb-name>
        <method-intf>Local</method-intf>
        <method-name>setFamilyName</method-name>
        <method-params>
          <method-param>java.lang.String</method-param>
        </method-params>
      </method>
      <trans-attribute>Required</trans-attribute>
    </container-transaction>
    <container-transaction>
      <method>
        <ejb-name>ContactInfoEJB</ejb-name>
        <method-intf>Local</method-intf>
        <method-name>getFamilyName</method-name>
        <method-params />
      </method>
      <trans-attribute>Required</trans-attribute>
    </container-transaction>
    <container-transaction>
      <method>
        <ejb-name>ContactInfoEJB</ejb-name>
        <method-intf>Local</method-intf>
        <method-name>setEmail</method-name>
        <method-params>
          <method-param>java.lang.String</method-param>
        </method-params>
      </method>
      <trans-attribute>Required</trans-attribute>
    </container-transaction>
    <container-transaction>
      <method>
        <ejb-name>ContactInfoEJB</ejb-name>
        <method-intf>LocalHome</method-intf>
        <method-name>findByPrimaryKey</method-name>
        <method-params>
          <method-param>java.lang.Object</method-param>
        </method-params>
      </method>
      <trans-attribute>Required</trans-attribute>
    </container-transaction>
    <container-transaction>
      <method>
        <ejb-name>ContactInfoEJB</ejb-name>
        <method-intf>Local</method-intf>
        <method-name>setTelephone</method-name>
        <method-params>
          <method-param>java.lang.String</method-param>
        </method-params>
      </method>
      <trans-attribute>Required</trans-attribute>
    </container-transaction>
    <container-transaction>
      <method>
        <ejb-name>ContactInfoEJB</ejb-name>
        <method-intf>Local</method-intf>
        <method-name>getGivenName</method-name>
        <method-params />
      </method>
      <trans-attribute>Required</trans-attribute>
    </container-transaction>
    <container-transaction>
      <method>
        <ejb-name>ContactInfoEJB</ejb-name>
        <method-intf>Local</method-intf>
        <method-name>getEmail</method-name>
        <method-params />
      </method>
      <trans-attribute>Required</trans-attribute>
    </container-transaction>
    <container-transaction>
      <method>
        <ejb-name>ContactInfoEJB</ejb-name>
        <method-intf>Local</method-intf>
        <method-name>setAddress</method-name>
        <method-params>
          <method-param>com.sun.j2ee.blueprints.address.ejb.AddressLocal</method-param>
        </method-params>
      </method>
      <trans-attribute>Required</trans-attribute>
    </container-transaction>
    <container-transaction>
      <method>
        <ejb-name>ContactInfoEJB</ejb-name>
        <method-intf>Local</method-intf>
        <method-name>remove</method-name>
        <method-params />
      </method>
      <trans-attribute>Required</trans-attribute>
    </container-transaction>
    <container-transaction>
      <method>
        <ejb-name>ContactInfoEJB</ejb-name>
        <method-intf>Local</method-intf>
        <method-name>getAddress</method-name>
        <method-params />
      </method>
      <trans-attribute>Required</trans-attribute>
    </container-transaction>
    <container-transaction>
      <method>
        <ejb-name>ContactInfoEJB</ejb-name>
        <method-intf>Local</method-intf>
        <method-name>setGivenName</method-name>
        <method-params>
          <method-param>java.lang.String</method-param>
        </method-params>
      </method>
      <trans-attribute>Required</trans-attribute>
    </container-transaction>
    <container-transaction>
     <method>
       <ejb-name>SupplierOrderEJB</ejb-name>
       <method-intf>Local</method-intf>
       <method-name>getData</method-name>
       <method-params />
     </method>
     <trans-attribute>Required</trans-attribute>
    </container-transaction>
    <container-transaction>
      <method>
        <ejb-name>ContactInfoEJB</ejb-name>
        <method-intf>LocalHome</method-intf>
        <method-name>create</method-name>
        <method-params>
          <method-param>java.lang.String</method-param>
          <method-param>java.lang.String</method-param>
          <method-param>java.lang.String</method-param>
          <method-param>java.lang.String</method-param>
          <method-param>com.sun.j2ee.blueprints.address.ejb.AddressLocal</method-param>
        </method-params>
      </method>
      <trans-attribute>Required</trans-attribute>
    </container-transaction>
    <container-transaction>
      <method>
        <ejb-name>ContactInfoEJB</ejb-name>
        <method-intf>LocalHome</method-intf>
        <method-name>create</method-name>
        <method-params />
      </method>
      <trans-attribute>Required</trans-attribute>
    </container-transaction>
    <container-transaction>
      <method>
        <ejb-name>ContactInfoEJB</ejb-name>
        <method-intf>LocalHome</method-intf>
        <method-name>create</method-name>
        <method-params>
          <method-param>com.sun.j2ee.blueprints.contactinfo.ejb.ContactInfo</method-param>
        </method-params>
      </method>
      <trans-attribute>Required</trans-attribute>
    </container-transaction>
    <container-transaction>
      <method>
        <ejb-name>ContactInfoEJB</ejb-name>
        <method-intf>Local</method-intf>
        <method-name>getData</method-name>
        <method-params />
      </method>
      <trans-attribute>Required</trans-attribute>
    </container-transaction>

    <container-transaction>
      <method>
        <ejb-name>AddressEJB</ejb-name>
        <method-intf>Local</method-intf>
        <method-name>getCountry</method-name>
        <method-params />
      </method>
      <trans-attribute>Required</trans-attribute>
    </container-transaction>
    <container-transaction>
      <method>
        <ejb-name>AddressEJB</ejb-name>
        <method-intf>Local</method-intf>
        <method-name>setStreetName2</method-name>
        <method-params>
          <method-param>java.lang.String</method-param>
        </method-params>
      </method>
      <trans-attribute>Required</trans-attribute>
    </container-transaction>
    <container-transaction>
      <method>
        <ejb-name>AddressEJB</ejb-name>
        <method-intf>Local</method-intf>
        <method-name>setStreetName1</method-name>
        <method-params>
          <method-param>java.lang.String</method-param>
        </method-params>
      </method>
      <trans-attribute>Required</trans-attribute>
    </container-transaction>
    <container-transaction>
      <method>
        <ejb-name>AddressEJB</ejb-name>
        <method-intf>Local</method-intf>
        <method-name>getZipCode</method-name>
        <method-params />
      </method>
      <trans-attribute>Required</trans-attribute>
    </container-transaction>
    <container-transaction>
      <method>
        <ejb-name>AddressEJB</ejb-name>
        <method-intf>Local</method-intf>
        <method-name>setState</method-name>
        <method-params>
          <method-param>java.lang.String</method-param>
        </method-params>
      </method>
      <trans-attribute>Required</trans-attribute>
    </container-transaction>
    <container-transaction>
      <method>
        <ejb-name>AddressEJB</ejb-name>
        <method-intf>Local</method-intf>
        <method-name>getCity</method-name>
        <method-params />
      </method>
      <trans-attribute>Required</trans-attribute>
    </container-transaction>
    <container-transaction>
      <method>
        <ejb-name>AddressEJB</ejb-name>
        <method-intf>Local</method-intf>
        <method-name>remove</method-name>
        <method-params />
      </method>
      <trans-attribute>Required</trans-attribute>
    </container-transaction>
    <container-transaction>
      <method>
        <ejb-name>AddressEJB</ejb-name>
        <method-intf>Local</method-intf>
        <method-name>setZipCode</method-name>
        <method-params>
          <method-param>java.lang.String</method-param>
        </method-params>
      </method>
      <trans-attribute>Required</trans-attribute>
    </container-transaction>
    <container-transaction>
      <method>
        <ejb-name>AddressEJB</ejb-name>
        <method-intf>Local</method-intf>
        <method-name>getStreetName2</method-name>
        <method-params />
      </method>
      <trans-attribute>Required</trans-attribute>
    </container-transaction>
    <container-transaction>
      <method>
        <ejb-name>AddressEJB</ejb-name>
        <method-intf>Local</method-intf>
        <method-name>getStreetName1</method-name>
        <method-params />
      </method>
      <trans-attribute>Required</trans-attribute>
    </container-transaction>
    <container-transaction>
      <method>
        <ejb-name>AddressEJB</ejb-name>
        <method-intf>Local</method-intf>
        <method-name>setCountry</method-name>
        <method-params>
          <method-param>java.lang.String</method-param>
        </method-params>
      </method>
      <trans-attribute>Required</trans-attribute>
    </container-transaction>
    <container-transaction>
      <method>
        <ejb-name>AddressEJB</ejb-name>
        <method-intf>Local</method-intf>
        <method-name>getState</method-name>
        <method-params />
      </method>
      <trans-attribute>Required</trans-attribute>
    </container-transaction>
    <container-transaction>
      <method>
        <ejb-name>AddressEJB</ejb-name>
        <method-intf>Local</method-intf>
        <method-name>setCity</method-name>
        <method-params>
          <method-param>java.lang.String</method-param>
        </method-params>
      </method>
      <trans-attribute>Required</trans-attribute>
    </container-transaction>
    <container-transaction>
      <method>
        <ejb-name>AddressEJB</ejb-name>
        <method-intf>LocalHome</method-intf>
        <method-name>create</method-name>
        <method-params>
          <method-param>java.lang.String</method-param>
          <method-param>java.lang.String</method-param>
          <method-param>java.lang.String</method-param>
          <method-param>java.lang.String</method-param>
          <method-param>java.lang.String</method-param>
          <method-param>java.lang.String</method-param>
        </method-params>
      </method>
      <trans-attribute>Required</trans-attribute>
    </container-transaction>
    <container-transaction>
      <method>
        <ejb-name>AddressEJB</ejb-name>
        <method-intf>LocalHome</method-intf>
        <method-name>create</method-name>
        <method-params />
      </method>
      <trans-attribute>Required</trans-attribute>
    </container-transaction>
    <container-transaction>
      <method>
        <ejb-name>AddressEJB</ejb-name>
        <method-intf>LocalHome</method-intf>
        <method-name>findByPrimaryKey</method-name>
        <method-params>
          <method-param>java.lang.Object</method-param>
        </method-params>
      </method>
      <trans-attribute>Required</trans-attribute>
    </container-transaction>
    <container-transaction>
      <method>
        <ejb-name>AddressEJB</ejb-name>
        <method-intf>LocalHome</method-intf>
        <method-name>create</method-name>
        <method-params>
          <method-param>com.sun.j2ee.blueprints.address.ejb.Address</method-param>
        </method-params>
      </method>
      <trans-attribute>Required</trans-attribute>
    </container-transaction>
    <container-transaction>
      <method>
        <ejb-name>AddressEJB</ejb-name>
        <method-intf>Local</method-intf>
        <method-name>getData</method-name>
        <method-params />
      </method>
      <trans-attribute>Required</trans-attribute>
    </container-transaction>

    <!-- LineItem EJB methods -->
    <container-transaction>
     <method>
       <ejb-name>LineItemEJB</ejb-name>
       <method-intf>Local</method-intf>
       <method-name>getCategoryId</method-name>
       <method-params />
     </method>
     <trans-attribute>Required</trans-attribute>
    </container-transaction>
    <container-transaction>
     <method>
       <ejb-name>LineItemEJB</ejb-name>
       <method-intf>Local</method-intf>
       <method-name>getProductId</method-name>
       <method-params />
     </method>
     <trans-attribute>Required</trans-attribute>
    </container-transaction>
    <container-transaction>
     <method>
       <ejb-name>LineItemEJB</ejb-name>
       <method-intf>Local</method-intf>
       <method-name>getItemId</method-name>
       <method-params />
     </method>
     <trans-attribute>Required</trans-attribute>
    </container-transaction>
    <container-transaction>
     <method>
       <ejb-name>LineItemEJB</ejb-name>
       <method-intf>Local</method-intf>
       <method-name>getLineNumber</method-name>
       <method-params />
     </method>
     <trans-attribute>Required</trans-attribute>
    </container-transaction>
    <container-transaction>
     <method>
       <ejb-name>LineItemEJB</ejb-name>
       <method-intf>Local</method-intf>
       <method-name>getQuantity</method-name>
       <method-params />
     </method>
     <trans-attribute>Required</trans-attribute>
    </container-transaction>
    <container-transaction>
     <method>
       <ejb-name>LineItemEJB</ejb-name>
       <method-intf>Local</method-intf>
       <method-name>getUnitPrice</method-name>
       <method-params />
     </method>
     <trans-attribute>Required</trans-attribute>
    </container-transaction>
    <container-transaction>
     <method>
       <ejb-name>LineItemEJB</ejb-name>
       <method-intf>Local</method-intf>
       <method-name>getQuantityShipped</method-name>
       <method-params />
     </method>
     <trans-attribute>Required</trans-attribute>
    </container-transaction>
    <container-transaction>
     <method>
       <ejb-name>LineItemEJB</ejb-name>
       <method-intf>Local</method-intf>
       <method-name>setQuantityShipped</method-name>
       <method-params>
         <method-param>int</method-param>
       </method-params>
     </method>
     <trans-attribute>Required</trans-attribute>
    </container-transaction>
    <container-transaction>
      <method>
        <ejb-name>LineItemEJB</ejb-name>
        <method-intf>LocalHome</method-intf>
        <method-name>create</method-name>
        <method-params>
          <method-param>java.lang.String</method-param>
          <method-param>java.lang.String</method-param>
          <method-param>java.lang.String</method-param>
          <method-param>java.lang.String</method-param>
          <method-param>int</method-param>
          <method-param>float</method-param>
          <method-param>int</method-param>
        </method-params>
      </method>
      <trans-attribute>Required</trans-attribute>
    </container-transaction>
    <container-transaction>
      <method>
        <ejb-name>LineItemEJB</ejb-name>
        <method-intf>LocalHome</method-intf>
        <method-name>create</method-name>
        <method-params>
          <method-param>com.sun.j2ee.blueprints.lineitem.ejb.LineItem</method-param>
          <method-param>int</method-param>
        </method-params>
      </method>
      <trans-attribute>Required</trans-attribute>
    </container-transaction>
    <container-transaction>
      <method>
        <ejb-name>LineItemEJB</ejb-name>
        <method-intf>LocalHome</method-intf>
        <method-name>findByPrimaryKey</method-name>
        <method-params>
          <method-param>java.lang.Object</method-param>
        </method-params>
      </method>
      <trans-attribute>Required</trans-attribute>
    </container-transaction>
    <container-transaction>
     <method>
       <ejb-name>LineItemEJB</ejb-name>
       <method-intf>Local</method-intf>
       <method-name>getData</method-name>
       <method-params />
     </method>
     <trans-attribute>Required</trans-attribute>
    </container-transaction>
  </assembly-descriptor>
</ejb-jar>


