<generatoritem id="Text">
	<name>Text</name>
	<duration>DURATION</duration>
	<rate>
		<ntsc>TRUE</ntsc>
		<timebase>24</timebase>
	</rate>
	<in>IN</in>
	<out>OUT</out>
	<start>START</start>
	<end>END</end>
	<enabled>TRUE</enabled>
	<alphatype>black</alphatype>
	<effect>
		<name>Text</name>
		<effectid>Text</effectid>
		<effectcategory>Text</effectcategory>
		<effecttype>generator</effecttype>
		<mediatype>video</mediatype>
		<parameter>
			<parameterid>str</parameterid>
			<name>Text</name>
			<value>STRING</value>
		</parameter>
		<parameter>
			<parameterid>fontname</parameterid>
			<name>Font</name>
			<value>Lucida Grande</value>
		</parameter>
		<parameter>
			<parameterid>fontsize</parameterid>
			<name>Size</name>
			<valuemin>0</valuemin>
			<valuemax>1000</valuemax>
			<value>36</value>
		</parameter>
		<parameter>
			<parameterid>fontstyle</parameterid>
			<name>Style</name>
			<valuemin>1</valuemin>
			<valuemax>4</valuemax>
			<valuelist>
				<valueentry>
					<name>Plain</name>
					<value>1</value>
				</valueentry>
				<valueentry>
					<name>Bold</name>
					<value>2</value>
				</valueentry>
				<valueentry>
					<name>Italic</name>
					<value>3</value>
				</valueentry>
				<valueentry>
					<name>Bold/Italic</name>
					<value>4</value>
				</valueentry>
			</valuelist>
			<value>1</value>
		</parameter>
		<parameter>
			<parameterid>fontalign</parameterid>
			<name>Alignment</name>
			<valuemin>1</valuemin>
			<valuemax>3</valuemax>
			<valuelist>
				<valueentry>
					<name>Left</name>
					<value>1</value>
				</valueentry>
				<valueentry>
					<name>Center</name>
					<value>2</value>
				</valueentry>
				<valueentry>
					<name>Right</name>
					<value>3</value>
				</valueentry>
			</valuelist>
			<value>2</value>
		</parameter>
		<parameter>
			<parameterid>fontcolor</parameterid>
			<name>Font Color</name>
			<value>
				<alpha>255</alpha>
				<red>255</red>
				<green>255</green>
				<blue>255</blue>
			</value>
		</parameter>
		<parameter>
			<parameterid>origin</parameterid>
			<name>Origin</name>
			<value>
				<horiz>0</horiz>
				<vert>0.416667</vert>
			</value>
		</parameter>
		<parameter>
			<parameterid>fonttrack</parameterid>
			<name>Tracking</name>
			<valuemin>-200</valuemin>
			<valuemax>200</valuemax>
			<value>1</value>
		</parameter>
		<parameter>
			<parameterid>leading</parameterid>
			<name>Leading</name>
			<valuemin>-100</valuemin>
			<valuemax>100</valuemax>
			<value>0</value>
		</parameter>
		<parameter>
			<parameterid>aspect</parameterid>
			<name>Aspect</name>
			<valuemin>0.1</valuemin>
			<valuemax>5</valuemax>
			<value>1</value>
		</parameter>
		<parameter>
			<parameterid>autokern</parameterid>
			<name>Auto Kerning</name>
			<value>TRUE</value>
		</parameter>
		<parameter>
			<parameterid>subpixel</parameterid>
			<name>Use Subpixel</name>
			<value>TRUE</value>
		</parameter>
	</effect>
	<sourcetrack>
		<mediatype>video</mediatype>
	</sourcetrack>
</generatoritem>
