<?xml version="1.0" encoding="UTF-8"?>
<entity-model>
  <version>1</version>
  <model-location-url>file:/Volumes/Athene/ernest/Development/EJB/models/Person.eomodeld</model-location-url>
  <output-path>/Volumes/Athene/ernest/Development/EJB/projects/Person</output-path>
  <dd-merge>true</dd-merge>
  <fileheader></fileheader>
  <entity-definition>
    <ejb-version>1.1</ejb-version>
    <entity-name>Person</entity-name>
    <package-name>my.ejb</package-name>
    <home-interface-name>PersonHome</home-interface-name>
    <remote-interface-name>Person</remote-interface-name>
    <pk-class-name>java.lang.Integer</pk-class-name>
    <generate-findall-method>true</generate-findall-method>
    <bmp-section>
      <class-name>PersonBMP</class-name>
      <datasource-name>jdbc/DataSource</datasource-name>
      <extends-cmp-bean>false</extends-cmp-bean>
      <generate-dao-classes>false</generate-dao-classes>
    </bmp-section>
    <cmp-section>
      <class-name>PersonCMP</class-name>
    </cmp-section>
  </entity-definition>
</entity-model>
