<?xml version="1.0"?>
<!DOCTYPE database SYSTEM "file:///System/Library/DTDs/CoreData.dtd">

<database>
    <databaseInfo>
        <version>134481920</version>
        <UUID>26DB3465-7557-48C2-B7A6-32732A519347</UUID>
        <nextObjectID>108</nextObjectID>
        <metadata></metadata>
    </databaseInfo>
    <object type="CHEF" id="z102">
        <attribute name="firstname" type="string">Grandma</attribute>
        <attribute name="lastname" type="string">Smith</attribute>
        <relationship name="recipes" type="0/0" destination="RECIPE" idrefs="z103"></relationship>
    </object>
    <object type="RECIPE" id="z103">
        <attribute name="cookingtime" type="int16">45</attribute>
        <attribute name="name" type="string">Apple Pie</attribute>
        <attribute name="numberofservings" type="int16">6</attribute>
        <attribute name="preparationtime" type="int16">45</attribute>
        <relationship name="chef" type="1/1" destination="CHEF" idrefs="z102"></relationship>
        <relationship name="ingredients" type="1/0" destination="INGREDIENT"></relationship>
    </object>
    <object type="RECIPE" id="z104">
        <attribute name="cookingtime" type="int16">15</attribute>
        <attribute name="name" type="string">Pan-seared Swordfish</attribute>
        <attribute name="numberofservings" type="int16">2</attribute>
        <attribute name="preparationtime" type="int16">15</attribute>
        <relationship name="chef" type="1/1" destination="CHEF" idrefs="z105"></relationship>
        <relationship name="ingredients" type="1/0" destination="INGREDIENT"></relationship>
    </object>
    <object type="CHEF" id="z105">
        <attribute name="firstname" type="string">Lily</attribute>
        <attribute name="lastname" type="string">Benthin</attribute>
        <relationship name="recipes" type="0/0" destination="RECIPE" idrefs="z104 z108"></relationship>
    </object>
    <object type="CHEF" id="z106">
        <attribute name="firstname" type="string">Edgar</attribute>
        <attribute name="lastname" type="string">Hawksworth</attribute>
        <relationship name="recipes" type="0/0" destination="RECIPE" idrefs="z107"></relationship>
    </object>
    <object type="RECIPE" id="z107">
        <attribute name="cookingtime" type="int16">60</attribute>
        <attribute name="name" type="string">Honey-glazed Ham</attribute>
        <attribute name="numberofservings" type="int16">10</attribute>
        <attribute name="preparationtime" type="int16">40</attribute>
        <relationship name="chef" type="1/1" destination="CHEF" idrefs="z106"></relationship>
        <relationship name="ingredients" type="1/0" destination="INGREDIENT"></relationship>
    </object>
    <object type="RECIPE" id="z108">
        <attribute name="cookingtime" type="int16">30</attribute>
        <attribute name="name" type="string">Clam Chowder</attribute>
        <attribute name="numberofservings" type="int16">4</attribute>
        <attribute name="preparationtime" type="int16">20</attribute>
        <relationship name="chef" type="1/1" destination="CHEF" idrefs="z105"></relationship>
        <relationship name="ingredients" type="1/0" destination="INGREDIENT"></relationship>
    </object>
</database>