<?xml version="1.0" encoding="UTF-8"?>
<!DOCTYPE ejb-jar PUBLIC "-//Sun Microsystems, Inc.//DTD Enterprise JavaBeans 1.1//EN"
                         "http://java.sun.com/j2ee/dtds/ejb-jar_1_1.dtd">
<ejb-jar>
    <enterprise-beans>
        <entity>
            <ejb-name>PersonBMP</ejb-name>
            <home>my.ejb.PersonHome</home>
            <remote>my.ejb.Person</remote>
            <ejb-class>my.ejb.PersonBMP</ejb-class>
            <persistence-type>Bean</persistence-type>
            <prim-key-class>java.lang.Integer</prim-key-class>
            <reentrant>False</reentrant>
            <resource-ref>
                <description>reference to a jdbc datasource</description>
                <res-ref-name>jdbc/DataSource</res-ref-name>
                <res-type>javax.sql.DataSource</res-type>
                <res-auth>Container</res-auth>
            </resource-ref>
        </entity>
        <entity>
            <ejb-name>PersonCMP</ejb-name>
            <home>my.ejb.PersonHome</home>
            <remote>my.ejb.Person</remote>
            <ejb-class>my.ejb.PersonCMP</ejb-class>
            <persistence-type>Container</persistence-type>
            <prim-key-class>java.lang.Integer</prim-key-class>
            <reentrant>False</reentrant>
            <cmp-field>
                <field-name>personName</field-name>
            </cmp-field>
            <cmp-field>
                <field-name>person_ID</field-name>
            </cmp-field>
            <primkey-field>person_ID</primkey-field>
        </entity>
    </enterprise-beans>
    <assembly-descriptor>
        <container-transaction>
            <method>
                <ejb-name>PersonCMP</ejb-name>
                <method-name>*</method-name>
            </method>
            <trans-attribute>Required</trans-attribute>
        </container-transaction>
        <container-transaction>
            <method>
                <ejb-name>PersonBMP</ejb-name>
                <method-name>*</method-name>
            </method>
            <trans-attribute>Required</trans-attribute>
        </container-transaction>
    </assembly-descriptor>
</ejb-jar>
