<pkgref spec="1.12" uuid="3002388F-9EBD-43FD-BD5B-8C4F31DB4593"><config><identifier>com.apple.deployment.firmwarepassword.contents.pkg</identifier><version>1</version><description></description><post-install type="none"/><requireAuthorization/><installFrom>/Users/apple/Desktop/contents</installFrom><installTo mod="true" relocatable="true">/tmp</installTo><flags><followSymbolicLinks/></flags><packageStore type="internal"></packageStore><mod>parent</mod><mod>scripts.postinstall.path</mod><mod>scripts.scriptsDirectoryPath.isRelativeType</mod><mod>scripts.postflight.path</mod><mod>relocatable</mod><mod>installTo.path</mod><mod>scripts.scriptsDirectoryPath.path</mod><mod>installTo</mod><mod>scripts.postflight.isRelativeType</mod></config><scripts><scripts-dir relative="true" mod="true">Resources</scripts-dir></scripts><contents><file-list>01contents-contents.xml</file-list><filter>/CVS$</filter><filter>/\.svn$</filter><filter>/\.cvsignore$</filter><filter>/\.cvspass$</filter><filter>/\.DS_Store$</filter></contents></pkgref>