<pkmkdoc spec="1.12"><properties><title>FirmwarePassword</title><build>/Users/apple/Desktop/Apply Firmware Password/pkg/FirmwarePassword.pkg</build><organization>com.apple.deployment</organization><userSees ui="easy"/><min-target os="2"/><domain anywhere="true"/></properties><distribution><versions min-spec="1.000000"/><scripts></scripts></distribution><contents><choice title="contents" id="choice1" starts_selected="true" starts_enabled="true" starts_hidden="false"><pkgref id="com.apple.deployment.firmwarepassword.contents.pkg"/></choice></contents><resources bg-scale="none" bg-align="topleft"><locale lang="en"/></resources><flags/><item type="file">01contents.xml</item><mod>properties.title</mod></pkmkdoc>