<?xml version="1.0" encoding="UTF-8"?>
<!DOCTYPE mapping PUBLIC "-//EXOLAB/Castor Mapping DTD Version 1.0//EN"
                         "http://www.apple.com/webobjects/5.2/DTDs/mapping.dtd">
<!--
   Values that need to be changed are marked by a string starting with "*** MARKER". Use a good
        text editor to search for such occurrence and replace it with a valid value.
-->
<mapping>
    <class identity="person_ID" name="my.ejb.PersonCMP">
        <map-to table="PERSON"/>
        <field direct="true" name="personName" type="java.lang.String">
            <sql name="PERSON_NAME" type="varchar"/>
        </field>
        <field direct="true" name="person_ID" type="java.lang.Integer">
            <sql name="PERSON_ID" type="integer"/>
        </field>
    </class>
</mapping>
