<?xml version="1.0" encoding="UTF-8"?>
<!DOCTYPE openejb PUBLIC "-//OpenEJB//DTD OpenEJB Server 1.0//EN"
                         "file:Contents/Resources/openejb_config.dtd">
<!--
    After running the OpenEJBTool tool, ensure that values that need to be evaluated by a human deployer
    are examined thoroughly and carefully:
        1. Values that need to be changed are marked by a string starting with "*** MARKER". Use a good
        text editor to search for such occurrence and replace it with a valid value.
        
        2. Sometimes, an entire series of XML elements need to be examined. This happens frequently to
        <method-transaction> elements. These elements are delimited again by comments starting with
        a string "*** MARKER"
-->
<openejb>
    <container-system>
        <containers>
            <entity-container>
                <class-name>org.openejb.alt.containers.castor_cmp11.CastorCMP11_EntityContainer</class-name>
                <container-name>Basic Cmp Container</container-name>
                <properties>
                    <property>
                        <property-name>Global_TX_Database</property-name>
                        <property-value>Contents/Resources/GlobalTransactionConfiguration.xml</property-value>
                    </property>
                </properties>
                <entity-bean>
                    <ejb-deployment-id>PersonCMP</ejb-deployment-id>
                    <home>my.ejb.PersonHome</home>
                    <remote>my.ejb.Person</remote>
                    <ejb-class>my.ejb.PersonCMP</ejb-class>
                    <persistence-type>Container</persistence-type>
                    <prim-key-class>java.lang.Integer</prim-key-class>
                    <reentrant>False</reentrant>
                    <cmp-field-name>personName</cmp-field-name>
                    <cmp-field-name>person_ID</cmp-field-name>
                    <primkey-field>person_ID</primkey-field>
                    <jndi-enc>
                        <resource-ref>
                            <description>Automatically generated
                                resource-ref element for CMP entity bean</description>
                            <res-ref-name>jdbc/DefaultCMPDatasource</res-ref-name>
                            <res-type>javax.sql.DataSource</res-type>
                            <res-auth>Container</res-auth>
                            <res-id>DefaultDatabase</res-id>
                        </resource-ref>
                    </jndi-enc>
                    <query>
                        <method>
                            <method-name>findAll</method-name>
                        </method>
                        <query-statement>SELECT Person FROM
                            my.ejb.PersonCMP Person</query-statement>
                    </query>
                </entity-bean>
            </entity-container>
            <entity-container>
                <container-name>Basic Bmp Container</container-name>
                <entity-bean>
                    <ejb-deployment-id>PersonBMP</ejb-deployment-id>
                    <home>my.ejb.PersonHome</home>
                    <remote>my.ejb.Person</remote>
                    <ejb-class>my.ejb.PersonBMP</ejb-class>
                    <persistence-type>Bean</persistence-type>
                    <prim-key-class>java.lang.Integer</prim-key-class>
                    <reentrant>False</reentrant>
                    <jndi-enc>
                        <resource-ref>
                            <description>reference to a jdbc datasource</description>
                            <res-ref-name>jdbc/DataSource</res-ref-name>
                            <res-type>javax.sql.DataSource</res-type>
                            <res-auth>Container</res-auth>
                            <res-id>DefaultDatabase</res-id>
                        </resource-ref>
                    </jndi-enc>
                </entity-bean>
            </entity-container>
        </containers>
        <!--It is important to realize that the security role names defined here are logical names; they are not derived from a specific security realm. Real security roles in the target environment are known as physical roles. The mapping from logical roles to physical roles are defined at deployment time and they are located in the <facilities> section.-->
        <!--The <method-permission> added by default is very liberal. It uses an imaginary role and allows that role to access all the methods of a bean.-->
        <method-permission>
            <description>Default liberal method permission</description>
            <role-name>Default liberal logical role</role-name>
            <method>
                <ejb-deployment-id>PersonCMP</ejb-deployment-id>
                <method-name>*</method-name>
            </method>
        </method-permission>
        <method-permission>
            <description>Default liberal method permission</description>
            <role-name>Default liberal logical role</role-name>
            <method>
                <ejb-deployment-id>PersonBMP</ejb-deployment-id>
                <method-name>*</method-name>
            </method>
        </method-permission>
        <method-transaction>
            <method>
                <ejb-deployment-id>PersonCMP</ejb-deployment-id>
                <method-name>*</method-name>
            </method>
            <trans-attribute>Required</trans-attribute>
        </method-transaction>
        <method-transaction>
            <method>
                <ejb-deployment-id>PersonBMP</ejb-deployment-id>
                <method-name>*</method-name>
            </method>
            <trans-attribute>Required</trans-attribute>
        </method-transaction>
        <!--*** MARKER: If an entity bean or a session does not have at least one corresponding <method-transaction> element found, then the following <method-transaction> elements are intelligently prepopulated: For entity beans, 1 - All business methods defined in the remote interface (and all superinterfaces, excluding javax.ejb.EJBObject). 2 - Create and Find methods defined in the home interface. 3 - Remove methods defined in the home interface. Only for session beans with Container transaction-type, 4 - All business methods defined in the remote interface (and all superinterfaces, excluding javax.ejb.EJBObject). The default value of <trans-attribute> is "Required".-->
    </container-system>
    <facilities>
        <intra-vm-server>
            <proxy-factory>org.openejb.util.proxy.jdk13.Jdk13ProxyFactory</proxy-factory>
        </intra-vm-server>
        <services>
            <security-service>
                <description>Text</description>
                <display-name>Acme Securtiy Service</display-name>
                <service-name>AcmeSecurity</service-name>
                <factory-class>org.openejb.ri.sp.PseudoSecurityService</factory-class>
            </security-service>
            <transaction-service>
                <service-name>LocalTyrex</service-name>
                <factory-class>org.openejb.corba.services.transaction.TransactionService</factory-class>
            </transaction-service>
        </services>
    </facilities>
</openejb>
