<domain>
  <name>default</name>
   <resources>
     <dataSource>
        <name>DefaultDatabase</name>
        <class>tyrex.resource.jdbc.xa.EnabledDataSource</class>
        <jar>/Library/Java/Extensions/OpenBaseJDBC.jar</jar>
        <config>
            <driverName>jdbc:openbase://localhost/Person</driverName>
            <driverClassName>com.openbase.jdbc.ObDriver</driverClassName>
            <transactionTimeout>60</transactionTimeout>
            <isolationLevel>Serializable</isolationLevel>
        </config>
        <limits>
            <maximum>100</maximum>
            <minimum>10</minimum>
            <initial>10</initial>
            <maxRetain>300</maxRetain>
            <timeout>50</timeout>
        </limits>
    </dataSource>  
  </resources>
</domain>
