<?xml version="1.0" encoding="UTF-8"?>
<!DOCTYPE xmeml>
<xmeml version="3">
<sequence id="NewEmptySequence">
	<name>NewEmptySequence</name>
	<duration>0</duration>
	<rate>
		<ntsc>TRUE</ntsc>
		<timebase>30</timebase>
	</rate>

	<media>
		<video>
			<track>
			</track>
		</video>
		<audio>
			<track>
				<enabled>TRUE</enabled>
				<locked>FALSE</locked>
				<outputchannelindex>1</outputchannelindex>
			</track>
			<track>
				<enabled>TRUE</enabled>
				<locked>FALSE</locked>
				<outputchannelindex>2</outputchannelindex>
			</track>
			<track>
				<enabled>TRUE</enabled>
				<locked>FALSE</locked>
				<outputchannelindex>1</outputchannelindex>
			</track>
			<track>
				<enabled>TRUE</enabled>
				<locked>FALSE</locked>
				<outputchannelindex>2</outputchannelindex>
			</track>
		</audio>
	</media>

</sequence>
</xmeml>
